{
	"metadata"  : {
		"formatVersion" : 3.2,
		"type"		: "geometry",
		"generatedBy"	: "convert-to-threejs.py",
		"vertices" : 96,
		"normals" : 95,
		"colors" : 0,
		"faces" : 92,
		"uvs" : [ 144 ]
	},
	"boundingBox"  : {
		"min" : [ -0.547132655601,-0.0789973851452,-0.547132655601 ],
		"max" : [ 0.547132655601,0.0154741760101,0.547132655601 ]
	},
	"scale" : 1,
	"materials" : [  ],
	"vertices" : [ -0.492752,-3.01724e-17,0.492752,-0.492752,3.01724e-17,-0.492752,0.492752,3.01724e-17,-0.492752,0.492752,-3.01724e-17,0.492752,-0.54384,-0.0789974,0.547133,-0.547133,-0.0789974,0.54384,-0.546168,-0.0789974,0.546168,-0.547133,-0.0789974,-0.54384,-0.54384,-0.0789974,-0.547133,-0.546168,-0.0789974,-0.546168,0.54384,-0.0789974,-0.547133,0.547133,-0.0789974,-0.54384,0.546168,-0.0789974,-0.546168,0.547133,-0.0789974,0.54384,0.54384,-0.0789974,0.547133,0.546168,-0.0789974,0.546168,-0.543843,0.0095849,0.543843,-0.547133,0.00641457,0.54384,-0.54384,0.00641457,0.547133,-0.546169,0.00870611,0.543842,-0.546168,0.00641457,0.546168,-0.543842,0.00870611,0.546169,-0.54598,0.00853469,0.54598,-0.547133,0.00641457,-0.54384,-0.543843,0.0095849,-0.543843,-0.54384,0.00641457,-0.547133,-0.546169,0.00870611,-0.543842,-0.543842,0.00870611,-0.546169,-0.546168,0.00641457,-0.546168,-0.54598,0.00853469,-0.54598,0.54384,0.00641457,-0.547133,0.543843,0.0095849,-0.543843,0.547133,0.00641457,-0.54384,0.543842,0.00870611,-0.546169,0.546169,0.00870611,-0.543842,0.546168,0.00641457,-0.546168,0.54598,0.00853469,-0.54598,-0.492752,0.00440971,0.492752,-0.496042,0.0078224,0.496042,-0.494057,0.00677219,0.494057,-0.496042,0.0078224,-0.496042,-0.492752,0.00440971,-0.492752,-0.494057,0.00677219,-0.494057,0.496042,0.0078224,-0.496042,0.492752,0.00440971,-0.492752,0.494057,0.00677219,-0.494057,0.496042,0.0078224,0.496042,0.492752,0.00440971,0.492752,0.494057,0.00677219,0.494057,0.543843,0.0095849,0.543843,0.54384,0.00641457,0.547133,0.547133,0.00641457,0.54384,0.543842,0.00870611,0.546169,0.546168,0.00641457,0.546168,0.546169,0.00870611,0.543842,0.54598,0.00853469,0.54598,-0.538629,-0.0445877,0.54189,0.538629,-0.0445877,0.54189,0.54189,-0.0445877,0.538629,0.54189,-0.0445878,-0.538629,0.538629,-0.0445878,-0.54189,-0.538629,-0.0445878,-0.54189,-0.540935,-0.0445878,-0.540935,-0.54189,-0.0445878,-0.538629,-0.540935,-0.0445877,0.540935,-0.54189,-0.0445877,0.538629,0.540935,-0.0445878,-0.540935,0.540935,-0.0445877,0.540935,-0.54384,-0.0291441,0.547133,0.547133,-0.0291441,0.54384,0.54384,-0.0291442,-0.547133,-0.546168,-0.0291441,0.546168,-0.547133,-0.0291441,0.54384,0.54384,-0.0291441,0.547133,0.547133,-0.0291442,-0.54384,-0.54384,-0.0291442,-0.547133,-0.546168,-0.0291442,-0.546168,-0.547133,-0.0291442,-0.54384,0.546168,-0.0291442,-0.546168,0.546168,-0.0291441,0.546168,0.54384,-0.0522283,0.547133,0.547133,-0.0522284,-0.54384,-0.54384,-0.0522284,-0.547133,-0.546168,-0.0522284,-0.546168,-0.547133,-0.0522284,-0.54384,0.546168,-0.0522284,-0.546168,0.546168,-0.0522283,0.546168,-0.54384,-0.0522283,0.547133,0.547133,-0.0522283,0.54384,0.54384,-0.0522284,-0.547133,-0.546168,-0.0522283,0.546168,-0.547133,-0.0522283,0.54384,0.528329,0.0154742,-0.528329,-0.528329,0.0154742,-0.528329,-0.528329,0.0154742,0.528329,0.528329,0.0154742,0.528329 ],
	"normals" : [ -0.985189,0,0,0,2e-06,0.985189,0.985189,1e-06,-0,0.985189,0,0,0,-0,0.985189,0,0.958636,-0.227186,0,2e-06,-0.985189,0,0.958636,0.227186,-0.227186,0.958636,0,0.227186,0.958636,0,0,0,-0.985189,-0.346278,0.916432,0.104119,-0.920118,0.250632,0.247312,-0.247312,0.250632,0.920118,-0.920118,0.250632,-0.247312,-0.104119,0.916432,-0.346278,-0.247312,0.250632,-0.920118,0.247312,0.250632,-0.920118,0.346278,0.916432,-0.104119,0.920118,0.250632,-0.247312,0.104119,0.916432,0.346278,0.247312,0.250632,0.920118,0.920118,0.250632,0.247312,-0.348189,0.921608,0,-0.908177,0.381853,0,-0.377092,2e-06,-0.910164,-0.910168,1e-06,-0.377082,-0.377092,-3e-06,0.910164,-0.910164,-3e-06,0.377092,0,0.921608,-0.348189,0,0.381853,-0.908177,0.910168,1e-06,-0.377082,0.377092,2e-06,-0.910164,0.862463,0.476188,0,0.460701,0.870834,0,0,0.476188,0.862463,0,0.870834,0.460701,-0.862463,0.476188,0,-0.460701,0.870834,0,0,0.476188,-0.862463,0,0.870834,-0.460701,0.377092,2e-06,0.910164,0.910164,2e-06,0.377092,0.348189,0.921608,0,0.908177,0.381853,0,0,0.921608,0.348189,0,0.381853,0.908177,-0.985189,1e-06,-0,0.346278,0.916432,0.104119,0.104119,0.916432,-0.346278,-0.346278,0.916432,-0.104119,-0.104119,0.916432,0.346278,0,0.37251,0.912049,0.912048,0.372512,-0,0,0.37251,-0.912049,-0.332817,0.463205,-0.803288,-0.803291,0.463205,-0.332809,-0.313675,-0.546829,0.757089,-0.757089,-0.546829,0.313675,0.803291,0.463205,-0.332809,0.332816,0.463205,-0.803288,0.332817,0.463205,0.803288,0.803288,0.463205,0.332816,-0.912048,0.372512,-0,-0,-0.448704,0.877076,0.877076,-0.448704,-0,-0,-0.448704,-0.877076,-0.313675,-0.546829,-0.757089,-0.757098,-0.546826,-0.313659,-0.757097,-0.546826,-0.313659,0.757098,-0.546826,-0.313659,0.757097,-0.546826,-0.313659,0.313676,-0.546829,-0.757088,0.313675,-0.546829,0.757088,0.313675,-0.546829,0.757089,0.757089,-0.546829,0.313675,-0.877076,-0.448704,-0,-0.377092,2e-06,0.910164,-0.910164,2e-06,0.377092,-0.332817,0.463205,0.803288,-0.803288,0.463205,0.332816,0,-2e-06,0.985189,0.985189,-2e-06,0,-0,-2e-06,-0.985189,-0.377092,-3e-06,-0.910164,-0.910164,-3e-06,-0.377092,0.910164,-3e-06,-0.377092,0.377092,-3e-06,-0.910164,0.377092,-3e-06,0.910164,0.910164,-3e-06,0.377092,-0.985189,-2e-06,0,0,0.921057,0.349644,0,0.921057,-0.349644,0.349644,0.921057,0,-0.349644,0.921057,0 ],
	"colors" : [  ],